name,value,timestamp
JawOpen,0.0,0
MouthSmileLeft,0.1,0
MouthSmileRight,0.1,0
EyeBlinkLeft,0.8,0
EyeBlinkRight,0.8,0
JawOpen,0.19866933079506122,50
MouthSmileLeft,0.11986693307950613,50
MouthSmileRight,0.11986693307950613,50
EyeBlinkLeft,0,50
EyeBlinkRight,0,50
JawOpen,0.3894183423086505,100
MouthSmileLeft,0.13894183423086506,100
MouthSmileRight,0.13894183423086506,100
EyeBlinkLeft,0,100
EyeBlinkRight,0,100
JawOpen,0.5646424733950354,150
MouthSmileLeft,0.15646424733950354,150
MouthSmileRight,0.15646424733950354,150
EyeBlinkLeft,0,150
EyeBlinkRight,0,150
JawOpen,0.7173560908995228,200
MouthSmileLeft,0.17173560908995228,200
MouthSmileRight,0.17173560908995228,200
EyeBlinkLeft,0,200
EyeBlinkRight,0,200
JawOpen,0.8414709848078965,250
MouthSmileLeft,0.18414709848078964,250
MouthSmileRight,0.18414709848078964,250
EyeBlinkLeft,0,250
EyeBlinkRight,0,250
JawOpen,0.9320390859672263,300
MouthSmileLeft,0.19320390859672265,300
MouthSmileRight,0.19320390859672265,300
EyeBlinkLeft,0,300
EyeBlinkRight,0,300
JawOpen,0.9854497299884601,350
MouthSmileLeft,0.19854497299884602,350
MouthSmileRight,0.19854497299884602,350
EyeBlinkLeft,0,350
EyeBlinkRight,0,350
JawOpen,0.9995736030415051,400
MouthSmileLeft,0.1999573603041505,400
MouthSmileRight,0.1999573603041505,400
EyeBlinkLeft,0,400
EyeBlinkRight,0,400
JawOpen,0.9738476308781951,450
MouthSmileLeft,0.19738476308781952,450
MouthSmileRight,0.19738476308781952,450
EyeBlinkLeft,0,450
EyeBlinkRight,0,450
JawOpen,0.9092974268256817,500
MouthSmileLeft,0.19092974268256818,500
MouthSmileRight,0.19092974268256818,500
EyeBlinkLeft,0.8,500
EyeBlinkRight,0.8,500
JawOpen,0.8084964038195901,550
MouthSmileLeft,0.180849640381959,550
MouthSmileRight,0.180849640381959,550
EyeBlinkLeft,0,550
EyeBlinkRight,0,550
JawOpen,0.675463180551151,600
MouthSmileLeft,0.1675463180551151,600
MouthSmileRight,0.1675463180551151,600
EyeBlinkLeft,0,600
EyeBlinkRight,0,600
JawOpen,0.5155013718214642,650
MouthSmileLeft,0.15155013718214644,650
MouthSmileRight,0.15155013718214644,650
EyeBlinkLeft,0,650
EyeBlinkRight,0,650
JawOpen,0.3349881501559051,700
MouthSmileLeft,0.13349881501559052,700
MouthSmileRight,0.13349881501559052,700
EyeBlinkLeft,0,700
EyeBlinkRight,0,700
JawOpen,0.1411200080598672,750
MouthSmileLeft,0.11411200080598673,750
MouthSmileRight,0.11411200080598673,750
EyeBlinkLeft,0,750
EyeBlinkRight,0,750
JawOpen,0.058374143427580086,800
MouthSmileLeft,0.10583741434275801,800
MouthSmileRight,0.10583741434275801,800
EyeBlinkLeft,0,800
EyeBlinkRight,0,800
JawOpen,0.2555411020268312,850
MouthSmileLeft,0.12555411020268312,850
MouthSmileRight,0.12555411020268312,850
EyeBlinkLeft,0,850
EyeBlinkRight,0,850
JawOpen,0.44252044329485246,900
MouthSmileLeft,0.14425204432948524,900
MouthSmileRight,0.14425204432948524,900
EyeBlinkLeft,0,900
EyeBlinkRight,0,900
JawOpen,0.6118578909427189,950
MouthSmileLeft,0.1611857890942719,950
MouthSmileRight,0.1611857890942719,950
EyeBlinkLeft,0,950
EyeBlinkRight,0,950
JawOpen,0.7568024953079282,1000
MouthSmileLeft,0.1756802495307928,1000
MouthSmileRight,0.1756802495307928,1000
EyeBlinkLeft,0.8,1000
EyeBlinkRight,0.8,1000
JawOpen,0.8715757724135882,1050
MouthSmileLeft,0.18715757724135884,1050
MouthSmileRight,0.18715757724135884,1050
EyeBlinkLeft,0,1050
EyeBlinkRight,0,1050
JawOpen,0.951602073889516,1100
MouthSmileLeft,0.19516020738895162,1100
MouthSmileRight,0.19516020738895162,1100
EyeBlinkLeft,0,1100
EyeBlinkRight,0,1100
JawOpen,0.9936910036334644,1150
MouthSmileLeft,0.19936910036334643,1150
MouthSmileRight,0.19936910036334643,1150
EyeBlinkLeft,0,1150
EyeBlinkRight,0,1150
JawOpen,0.9961646088358407,1200
MouthSmileLeft,0.1996164608835841,1200
MouthSmileRight,0.1996164608835841,1200
EyeBlinkLeft,0,1200
EyeBlinkRight,0,1200
JawOpen,0.9589242746631385,1250
MouthSmileLeft,0.19589242746631386,1250
MouthSmileRight,0.19589242746631386,1250
EyeBlinkLeft,0,1250
EyeBlinkRight,0,1250
JawOpen,0.8834546557201531,1300
MouthSmileLeft,0.1883454655720153,1300
MouthSmileRight,0.1883454655720153,1300
EyeBlinkLeft,0,1300
EyeBlinkRight,0,1300
JawOpen,0.7727644875559871,1350
MouthSmileLeft,0.17727644875559873,1350
MouthSmileRight,0.17727644875559873,1350
EyeBlinkLeft,0,1350
EyeBlinkRight,0,1350
JawOpen,0.6312666378723216,1400
MouthSmileLeft,0.16312666378723217,1400
MouthSmileRight,0.16312666378723217,1400
EyeBlinkLeft,0,1400
EyeBlinkRight,0,1400
JawOpen,0.46460217941375737,1450
MouthSmileLeft,0.14646021794137576,1450
MouthSmileRight,0.14646021794137576,1450
EyeBlinkLeft,0,1450
EyeBlinkRight,0,1450
JawOpen,0.27941549819892586,1500
MouthSmileLeft,0.12794154981989259,1500
MouthSmileRight,0.12794154981989259,1500
EyeBlinkLeft,0.8,1500
EyeBlinkRight,0.8,1500
JawOpen,0.0830894028174964,1550
MouthSmileLeft,0.10830894028174964,1550
MouthSmileRight,0.10830894028174964,1550
EyeBlinkLeft,0,1550
EyeBlinkRight,0,1550
JawOpen,0.11654920485049364,1600
MouthSmileLeft,0.11165492048504937,1600
MouthSmileRight,0.11165492048504937,1600
EyeBlinkLeft,0,1600
EyeBlinkRight,0,1600
JawOpen,0.31154136351337786,1650
MouthSmileLeft,0.1311541363513378,1650
MouthSmileRight,0.1311541363513378,1650
EyeBlinkLeft,0,1650
EyeBlinkRight,0,1650
JawOpen,0.49411335113860816,1700
MouthSmileLeft,0.14941133511386082,1700
MouthSmileRight,0.14941133511386082,1700
EyeBlinkLeft,0,1700
EyeBlinkRight,0,1700
JawOpen,0.6569865987187891,1750
MouthSmileLeft,0.16569865987187893,1750
MouthSmileRight,0.16569865987187893,1750
EyeBlinkLeft,0,1750
EyeBlinkRight,0,1750
JawOpen,0.7936678638491531,1800
MouthSmileLeft,0.17936678638491532,1800
MouthSmileRight,0.17936678638491532,1800
EyeBlinkLeft,0,1800
EyeBlinkRight,0,1800
JawOpen,0.8987080958116269,1850
MouthSmileLeft,0.1898708095811627,1850
MouthSmileRight,0.1898708095811627,1850
EyeBlinkLeft,0,1850
EyeBlinkRight,0,1850
JawOpen,0.9679196720314863,1900
MouthSmileLeft,0.19679196720314862,1900
MouthSmileRight,0.19679196720314862,1900
EyeBlinkLeft,0,1900
EyeBlinkRight,0,1900
JawOpen,0.998543345374605,1950
MouthSmileLeft,0.1998543345374605,1950
MouthSmileRight,0.1998543345374605,1950
EyeBlinkLeft,0,1950
EyeBlinkRight,0,1950
