,timeCode,blendShapes.EyeBlinkLeft,blendShapes.EyeLookDownLeft,blendShapes.EyeLookInLeft,blendShapes.EyeLookOutLeft,blendShapes.EyeLookUpLeft,blendShapes.EyeSquintLeft,blendShapes.EyeWideLeft,blendShapes.EyeBlinkRight,blendShapes.EyeLookDownRight,blendShapes.EyeLookInRight,blendShapes.EyeLookOutRight,blendShapes.EyeLookUpRight,blendShapes.EyeSquintRight,blendShapes.EyeWideRight,blendShapes.JawForward,blendShapes.JawLeft,blendShapes.JawRight,blendShapes.JawOpen,blendShapes.MouthClose,blendShapes.MouthFunnel,blendShapes.MouthPucker,blendShapes.MouthLeft,blendShapes.MouthRight,blendShapes.MouthSmileLeft,blendShapes.MouthSmileRight,blendShapes.MouthFrownLeft,blendShapes.MouthFrownRight,blendShapes.MouthDimpleLeft,blendShapes.MouthDimpleRight,blendShapes.MouthStretchLeft,blendShapes.MouthStretchRight,blendShapes.MouthRollLower,blendShapes.MouthRollUpper,blendShapes.MouthShrugLower,blendShapes.MouthShrugUpper,blendShapes.MouthPressLeft,blendShapes.MouthPressRight,blendShapes.MouthLowerDownLeft,blendShapes.MouthLowerDownRight,blendShapes.MouthUpperUpLeft,blendShapes.MouthUpperUpRight,blendShapes.BrowDownLeft,blendShapes.BrowDownRight,blendShapes.BrowInnerUp,blendShapes.BrowOuterUpLeft,blendShapes.BrowOuterUpRight,blendShapes.CheekPuff,blendShapes.CheekSquintLeft,blendShapes.CheekSquintRight,blendShapes.NoseSneerLeft,blendShapes.NoseSneerRight,blendShapes.TongueOut,blendShapes.HeadRoll,blendShapes.HeadPitch,blendShapes.HeadYaw,blendShapes.TongueTipUp,blendShapes.TongueTipDown,blendShapes.TongueTipLeft,blendShapes.TongueTipRight,blendShapes.TongueRollUp,blendShapes.TongueRollDown,blendShapes.TongueRollLeft,blendShapes.TongueRollRight,blendShapes.TongueUp,blendShapes.TongueDown,blendShapes.TongueLeft,blendShapes.TongueRight,blendShapes.TongueIn,blendShapes.TongueStretch,blendShapes.TongueWide,blendShapes.TongueNarrow
0,0.0,0.0030665062367916107,0.0,0.0,0.0,0.0,0.0,0.0,0.0024679636117070913,0.0,0.0,0.0,0.0,0.0,5.083726136945188e-05,0.0,0.0020965749863535166,0.0,0.043358732014894485,0.0,0.0,0.0,0.0,0.0,0.04654882103204727,0.03897860646247864,0.0,0.0,0.008984876796603203,0.0069757988676428795,0.006818810012191534,0.006913234945386648,0.03611035272479057,0.0071317232213914394,0.0,0.00836749654263258,0.0,0.0009685378754511476,0.0,0.00033572714892216027,0.0,0.0,0.0004981007659807801,0.0,0.0,0.004489873070269823,0.005705758463591337,0.0,0.0,0.0,0.0,0.0,0.0,0.0,0.0,0.0,0.0,0.20382767915725708,0.0,0.0,0.0,0.0,0.0,0.0,0.0,0.7260072231292725,0.0,0.0,0.0,0.007378751412034035,0.0,0.6474817991256714
1,0.03333333333333333,0.001507807057350874,0.0,0.0,0.0,0.0,0.0,0.0,0.0009227633127011359,0.0,0.0,0.0,0.0,0.0,5.2662806410808116e-05,0.0,0.0024960320442914963,0.0,0.06625411659479141,0.0,0.0,0.0,0.0,0.0,0.06984950602054596,0.05978516861796379,0.0,0.0,0.014165224507451057,0.011338545940816402,0.010197664611041546,0.010303380899131298,0.05219757929444313,0.01116046030074358,0.0,0.010326202027499676,0.0,0.0018001329153776169,0.0,0.00038075479096733034,0.0,0.0,0.0012008844641968608,0.0,0.0008183768950402737,0.0007788182701915503,0.0021584525238722563,0.0,0.0,0.0,0.0,0.0,0.0,0.0,0.0,0.0,0.0,0.24415543675422668,0.0,0.0,0.0,0.044321995228528976,0.0,0.0,0.0,1.0044705867767334,0.0,0.0,0.0,0.0,0.0,0.9406676888465881
2,0.06666666666666667,0.0,0.0,0.0,0.0,0.0,0.0,0.002254785969853401,0.0,0.0,0.0,0.0,0.0,0.0,0.002595498226583004,0.0,0.005549291148781776,0.0,0.16601784527301788,0.0,0.0,0.0,0.0,0.0,0.08249212056398392,0.07051710784435272,0.0,0.0,0.015633035451173782,0.012349985539913177,0.012481959536671638,0.012538278475403786,0.06214938312768936,0.009403920732438564,0.0,0.01643938571214676,0.0,0.0017735513392835855,0.0,0.00111169065348804,0.0,0.0,0.0006895874976180494,0.0,0.0028583353850990534,0.009037546813488007,0.011243441142141819,0.0,0.0,0.0,0.0,0.0,0.0,0.0,0.0,0.0,0.0,0.0909113883972168,0.002819312270730734,0.0,0.0,0.15630167722702026,0.0,0.0,0.0,1.0408058166503906,0.004041970707476139,0.0,0.03902978450059891,0.0,0.0,0.8845669031143188
3,0.1,0.0,0.0,0.0,0.0,0.0,0.0,0.008634500205516815,0.0,0.0,0.0,0.0,0.0,0.0,0.008801659569144249,0.0,0.0,0.0021403597202152014,0.17564581334590912,0.0,0.0,0.0,0.0,0.0,0.06916366517543793,0.0684608668088913,0.0,0.0,0.014983158558607101,0.013897307217121124,0.012953320518136024,0.01330588012933731,0.05755002424120903,0.009076854214072227,0.0,0.012868302874267101,0.004880874417722225,0.00888015516102314,0.0,0.000278568099020049,0.0,0.0,0.0,0.0,0.003714727470651269,0.01665838249027729,0.019199492409825325,0.0,0.0,0.0,0.0,0.0,0.0,0.0,0.0,0.0,0.0,0.06307893991470337,0.005820677615702152,0.0,0.0,0.1992485523223877,0.0,0.0,0.0,1.1235154867172241,0.005787128582596779,0.0,0.06931433081626892,0.0,0.0,0.9577050805091858
4,0.13333333333333333,0.0,0.0,0.0,0.0,0.0,0.0,0.010202832520008087,0.0,0.0,0.0,0.0,0.0,0.0,0.01028585247695446,0.0,0.0,0.007537873927503824,0.20472991466522217,0.0,0.0,0.0,0.0,0.0,0.06456427276134491,0.06497354805469513,0.0,0.0,0.010865941643714905,0.010453830473124981,0.012963940389454365,0.013265447691082954,0.012094919569790363,0.0,0.0,0.034598544239997864,0.0,0.0014589191414415836,0.0,0.0026054091285914183,0.011477845720946789,0.013294244185090065,0.0005853368784300983,0.0,0.003712165169417858,0.014637605287134647,0.017099034041166306,0.0,0.0,0.0,0.0,0.0,0.0,0.0,0.0,0.0,0.0,0.22348734736442566,0.0,0.0,0.0,0.12681211531162262,0.0,0.0,0.0,1.2000000476837158,0.003349512815475464,0.0,0.04189835488796234,0.0,0.0,1.0
5,0.16666666666666666,0.0,0.0,0.0,0.0,0.0,0.0,0.009902151301503181,0.0,0.0,0.0,0.0,0.0,0.0,0.009857304394245148,0.01697266474366188,0.0,0.01220716629177332,0.21726951003074646,0.0,0.0,0.0,0.0,0.0017930552130565047,0.03692343086004257,0.04205935448408127,2.0658611902035773e-05,0.0,0.004808985162526369,0.005533874034881592,0.00961827952414751,0.009934627451002598,0.0,0.0,0.0,0.04317190870642662,0.0,0.0,0.008598116226494312,0.010432766750454903,0.030844716355204582,0.032653067260980606,0.0006826777826063335,0.0,0.004737785551697016,0.013885286636650562,0.016126634553074837,0.0,0.0,0.0,0.0,0.0,0.0,0.0,0.0,0.0,0.0,0.27824562788009644,0.0,0.0,0.0,0.11306746304035187,0.0,0.0,0.0,1.2000000476837158,0.0029324868228286505,0.0,0.05350884050130844,0.0,0.0,1.0
6,0.2,0.0,0.0,0.0,0.0,0.0,0.0,0.01255445834249258,0.0,0.0,0.0,0.0,0.0,0.0,0.012337863445281982,0.009095774032175541,0.0,0.016081010922789574,0.16157576441764832,0.0,0.003821237478405237,0.0,0.0,0.005393476691097021,0.018853655084967613,0.02893710508942604,0.0016750767827033997,0.0,0.0,0.0020483715925365686,0.005519249942153692,0.005949532147496939,0.0,0.0,0.0,0.0455634742975235,0.0008103316067717969,0.0,0.00803701113909483,0.008862710557878017,0.039873261004686356,0.04167262092232704,0.0005958628607913852,0.0,0.004948637448251247,0.011861455626785755,0.013695744797587395,0.0,0.0,0.0,0.0,0.0,0.0,0.0,0.0,0.0,0.0,0.1563432812690735,0.0,0.0,0.0,0.20558826625347137,0.0,0.0,0.0,1.2000000476837158,0.0062499018386006355,0.0,0.06724879890680313,0.0,0.0,1.0
7,0.23333333333333334,0.0,0.0,0.0,0.0,0.0,0.0,0.01622709073126316,0.0,0.0,0.0,0.0,0.0,0.0,0.015875892713665962,0.0,0.0,0.013744540512561798,0.1001824140548706,0.0,0.05388360470533371,0.0,0.0,0.00756219495087862,0.0065610394813120365,0.018457774072885513,0.0025685341097414494,0.0,0.0,0.0024592645931988955,0.002059259219095111,0.0026744999922811985,0.004870417527854443,0.0,0.002836008556187153,0.050589144229888916,0.004188413266092539,0.0003402328002266586,0.0,0.0,0.04913856461644173,0.05066307261586189,0.0004543422255665064,0.0,0.003459023544564843,0.009699578396975994,0.011133783496916294,0.0,0.0,0.0,0.0,0.0,0.0,0.0,0.0,0.0,0.0,0.0,0.0051151663064956665,0.0,0.0,0.2876397967338562,0.0,0.0,0.0,1.111448049545288,0.008514076471328735,0.0,0.08741860091686249,0.0,0.0,1.0
8,0.26666666666666666,0.0,0.0,0.0,0.0,0.0,0.0,0.02081538923084736,0.0,0.0,0.0,0.0,0.0,0.0,0.020366908982396126,0.0,0.0,0.011909577995538712,0.0958009660243988,0.0,0.0846221074461937,0.0,0.0,0.00794145930558443,0.003955821972340345,0.013723148964345455,0.0027074606623500586,0.0,0.0,0.0021984593477100134,0.000831958488561213,0.0014981003478169441,0.008976257406175137,0.0,0.00898852851241827,0.050714850425720215,0.0053229075856506824,0.0,0.0,0.0,0.05232001468539238,0.05360333248972893,0.00027779038646258414,0.0,0.0027772216126322746,0.009195378050208092,0.010480867698788643,0.00025583457318134606,0.0,0.0,3.1418883736478165e-05,0.0,0.0,0.0,0.0,0.0,0.0,0.0,0.018004506826400757,0.0,0.0,0.25029101967811584,0.0,0.0,0.0,0.9351487755775452,0.005228109657764435,0.0,0.12142236530780792,0.0,0.0,0.8873443603515625
9,0.3,0.0,0.0,0.0,0.0,0.0,0.0,0.02058952860534191,0.0,0.0,0.0,0.0,0.0,0.0,0.020142273977398872,0.007163988891988993,0.0,0.012840094044804573,0.15051648020744324,0.0,0.13173127174377441,0.0,0.0,0.007426473777741194,0.0,0.008292174898087978,0.0033908237237483263,0.0,0.0,0.0017880500527098775,0.00304187904112041,0.0035890282597392797,0.0,0.0,0.0,0.045026328414678574,0.004398377146571875,0.0,0.0043357801623642445,0.004564086906611919,0.036850716918706894,0.03890311345458031,0.0003302635159343481,0.0,0.0010720768477767706,0.006637754384428263,0.007874994538724422,0.0019130045548081398,0.0,0.0,0.0,0.0,0.0,0.0,0.0,0.0,0.0,0.0,0.013151049613952637,0.0,0.0,0.21955393254756927,0.0,0.0,0.0,0.8772600293159485,0.004534177482128143,0.0,0.08650537580251694,0.0,0.0,0.787244439125061
10,0.3333333333333333,0.0,0.0,0.0,0.0,0.0,0.0,0.01762702688574791,0.0,0.0,0.0,0.0,0.0,0.0,0.017182432115077972,0.020410502329468727,0.0,0.013524767942726612,0.18003687262535095,0.0,0.15726211667060852,0.0,0.0,0.007881221361458302,0.0,0.007612466346472502,0.010487713851034641,0.006237526889890432,0.0,0.001291391788981855,0.002676001051440835,0.0031145052053034306,0.004794734995812178,0.0,0.0,0.03539186716079712,0.009450417943298817,0.003668953198939562,0.0022240658290684223,0.0011898804223164916,0.011771833524107933,0.014486724510788918,0.0005522597348317504,0.0,0.0011040677782148123,0.0032216759864240885,0.0044024731032550335,0.005475307814776897,0.0,0.0,0.0,0.0,0.0,0.0,0.0,0.0,0.0,0.0,0.007760092616081238,0.0,0.0,0.1699504554271698,0.0,0.0,0.0,0.7430312037467957,0.0032097771763801575,0.0,0.04438090696930885,0.0,0.0,0.6136175990104675
11,0.36666666666666664,0.0,0.0,0.0,0.0,0.0,0.0,0.016545506194233894,0.0,0.0,0.0,0.0,0.0,0.0,0.016104375943541527,0.010415134951472282,0.0,0.011357984505593777,0.14911387860774994,0.023587027564644814,0.14540451765060425,0.012276704423129559,0.0,0.007688210345804691,0.0,0.005878909025341272,0.015359085984528065,0.01097071636468172,0.0,0.0010572811588644981,0.0020353146828711033,0.0026228397618979216,0.01842821016907692,0.0,0.0053345682099461555,0.02935199812054634,0.017942184582352638,0.010751250199973583,0.0008512905915267766,0.0,0.0,0.002286247443407774,0.000506263691931963,0.0,0.0003274936752859503,0.0008838914218358696,0.0018640852067619562,0.007633622735738754,0.0,0.0,0.0,0.0,0.0,0.0,0.0,0.0,0.0,0.0,0.005935780704021454,0.0,0.0,0.09995647519826889,0.0,0.0,0.0,0.4795907139778137,0.0014404021203517914,0.0,0.028260059654712677,0.0,0.0,0.3478600084781647
12,0.4,0.0,0.0,0.0,0.0,0.0,0.0,0.016591006889939308,0.0,0.0,0.0,0.0,0.0,0.0,0.016126779839396477,0.002467589918524027,0.0,0.009945704601705074,0.10241829603910446,0.04794396460056305,0.1227499470114708,0.029604027047753334,0.0,0.008081725798547268,0.0,0.006769527681171894,0.015791427344083786,0.011348522268235683,0.0,0.0013136346824467182,0.0014943773858249187,0.002182153519243002,0.019394638016819954,0.0,0.01514778845012188,0.02120325341820717,0.023795854300260544,0.016707178205251694,0.0008869983139447868,0.0,0.0,0.001079331268556416,0.00022453143901657313,0.0,0.0,0.000768159341532737,0.0015982770128175616,0.007920261472463608,0.0,0.0,0.0,0.0,0.0,0.0,0.0,0.0,0.0,0.0020950157195329666,0.0031825858168303967,0.0,0.0,0.06660754233598709,0.0,0.0,0.0,0.3458786606788635,0.0,0.0,0.0,0.0,0.0,0.22509607672691345
13,0.43333333333333335,0.0,0.0,0.0,0.0,0.0,0.0,0.015129211358726025,0.0,0.0,0.0,0.0,0.0,0.0,0.01468566618859768,0.000937526929192245,0.0,0.008463173173367977,0.06646892428398132,0.07009448856115341,0.10385606437921524,0.04654897376894951,0.0,0.007847622036933899,0.0,0.006513189058750868,0.01626216247677803,0.012041544541716576,0.0,0.0012627625837922096,0.001284092548303306,0.001957457046955824,0.01749415323138237,0.0,0.022182153537869453,0.013007789850234985,0.027866486459970474,0.020919285714626312,0.0008672312251292169,0.0,0.0,0.00019276711100246757,0.0,0.0,0.0,0.0005506477900780737,0.0011984719894826412,0.009226872585713863,0.0,0.0,0.0,0.0,0.0,0.0,0.0,0.0,0.0,0.06773380935192108,0.0,0.0,0.0,0.0,0.0,0.0,0.0,0.24901506304740906,0.0,0.0,0.0,0.0015981049509719014,0.0,0.17846836149692535
14,0.4666666666666667,0.0,0.0,0.0,0.0,0.0,0.0,0.013364202342927456,0.0,0.0,0.0,0.0,0.0,0.0,0.012917747721076012,0.007070420775562525,0.0,0.007209064904600382,0.03799034655094147,0.07299226522445679,0.09654402732849121,0.05827265977859497,0.0,0.0075783515349030495,0.0,0.007762324996292591,0.017346268519759178,0.013238887302577496,0.0,0.001200402737595141,0.0011025095591321588,0.001657057204283774,0.015357419848442078,0.0,0.027668749913573265,0.009984045289456844,0.027097243815660477,0.0209470484405756,0.001315995934419334,0.0,0.0,0.00017580825078766793,0.0,0.0,0.0,0.0,0.00029229276697151363,0.009779572486877441,0.0,0.0,0.0,0.0,0.0,0.0,0.0,0.0,0.0,0.06583264470100403,0.0,0.0,0.0,0.0,0.0,0.0,0.0,0.25017356872558594,0.0,0.002123769838362932,0.0,0.023285910487174988,0.0,0.1755439043045044
15,0.5,0.0,0.0,0.0,0.0,0.0,0.0,0.011462951079010963,0.0,0.0,0.0,0.0,0.0,0.0,0.01106425654143095,0.00978265330195427,0.0,0.006371648516505957,0.017127562314271927,0.05767257884144783,0.08363576978445053,0.05288905277848244,0.0,0.006684787571430206,0.0,0.00785141997039318,0.017277000471949577,0.01347852498292923,0.0,0.001002996927127242,0.0011092133354395628,0.0015520950546488166,0.016666827723383904,0.0,0.031133506447076797,0.010306946001946926,0.024658219888806343,0.01941816508769989,0.0014220805605873466,0.0,0.0,0.00022001784236636013,0.0005698554450646043,0.0006699829827994108,0.0,0.0,0.0,0.009476092644035816,0.0,0.0,0.0,0.0,0.0,0.0,0.0,0.0,0.0,0.058984413743019104,0.0,0.0,0.0,0.0,0.0,0.0,0.0,0.24376919865608215,0.0,0.003911633975803852,0.0,0.03753593936562538,0.0,0.1570020467042923
16,0.5333333333333333,0.0,0.0,0.0,0.0,0.0,0.0,0.012285765260457993,0.0,0.0,0.0,0.0,0.0,0.0,0.011908221058547497,0.010438881814479828,0.0,0.0034957423340529203,0.0,0.05772488936781883,0.08412853628396988,0.10187915712594986,0.0,0.006156004499644041,0.0,0.00932788010686636,0.018053915351629257,0.014354685321450233,0.0,0.0011277002049610019,0.0005755965248681605,0.0010575305204838514,0.02285696566104889,0.0,0.04865468665957451,0.007958493195474148,0.02718694508075714,0.022384008392691612,0.0014199874131008983,0.0,0.0,0.0,0.0,0.0,0.0,0.0,0.0001218240795424208,0.01223375741392374,0.0,0.0,0.0,0.0,0.0,0.0,0.0,0.0,0.0,0.03654954582452774,0.0,0.0,0.0,0.0,0.0,0.0,0.0,0.20000000298023224,0.0,0.0032862420193850994,0.0,0.028469743207097054,0.0,0.09293385595083237
17,0.5666666666666667,0.0,0.0,0.0,0.0,0.0,0.0,0.010724020190536976,0.0,0.0,0.0,0.0,0.0,0.0,0.0104194525629282,0.011288564652204514,0.0,0.002854293445125222,0.0,0.022682346403598785,0.07070624828338623,0.11344361305236816,0.0,0.005546990316361189,0.0,0.009363757446408272,0.015277566388249397,0.011997726745903492,0.0,0.001136960694566369,0.0002650665701366961,0.0007508400594815612,0.02362978085875511,0.0,0.06364867091178894,0.008309858851134777,0.027620870620012283,0.023633480072021484,0.0008055979269556701,0.0,0.0,0.0,0.0015601522754877806,0.0016878523165360093,0.0,0.0,0.0,0.011923384852707386,0.0,0.0,0.0,0.0,0.0,0.0,0.0,0.0,0.0,0.00698109483346343,0.0,0.0,0.0,0.01593794673681259,0.0,0.0,0.0,0.20000000298023224,0.0,0.0030230563133955,0.0,0.03154812753200531,0.0,0.07031531631946564
18,0.6,0.0,0.0,0.0,0.0,0.0,0.0,0.007118777371942997,0.0,0.0,0.0,0.0,0.0,0.0,0.006908527575433254,0.014060433954000473,0.0,0.00313921389169991,0.0,0.0044038868509233,0.05228343978524208,0.09886031597852707,0.0,0.0045915935188531876,0.0,0.009431642480194569,0.013935490511357784,0.010944048874080181,0.0,0.0010746599873527884,0.0005099955014884472,0.0009231568546965718,0.023739255964756012,0.0,0.06789257377386093,0.0072487713769078255,0.030745377764105797,0.02731979265809059,0.0005521946004591882,0.0,0.0,0.0,0.003400627989321947,0.003543255850672722,0.0,0.0,0.0,0.011293242685496807,0.0,0.0,0.0,0.0,0.0,0.0,0.0,0.0,0.0,0.0,0.0,0.0,0.0,0.017312603071331978,0.0,0.0,0.0,0.20000000298023224,0.0,0.0021371631883084774,0.0,0.024055691435933113,0.01033954881131649,0.07288065552711487
19,0.6333333333333333,0.0,0.0,0.0,0.0,0.0,0.0,0.0027720096986740828,0.0,0.0,0.0,0.0,0.0,0.0,0.0027194665744900703,0.00018626321980264038,0.0,0.003600042313337326,0.0,0.032054997980594635,0.05369383469223976,0.04461800307035446,0.0,0.003938800655305386,0.0,0.007096436806023121,0.014389663934707642,0.012208261527121067,0.0,0.0006979190511628985,0.00024325621780008078,0.000530785124283284,0.010665971785783768,0.0,0.0410073921084404,0.013680755160748959,0.022565392777323723,0.01781751587986946,0.00045413305633701384,0.0,6.76714043947868e-05,0.002063124207779765,0.001465003238990903,0.00105786113999784,0.0,0.0,0.00010052200377685949,0.006214727647602558,0.0,0.0002686742809601128,0.0,0.0,0.0,0.0,0.0,0.0,0.0,0.021718209609389305,0.000516336876899004,0.0,0.0,0.02923870086669922,0.0,0.0,0.0,0.2995600998401642,0.0,0.0,0.0,0.0,0.0,0.16046489775180817
20,0.6666666666666666,0.0009774052305147052,0.0,0.0,0.0,0.0,0.0,0.0,0.0009453541715629399,0.0,0.0,0.0,0.0,0.0,0.0,0.0,0.0,0.0018765045097097754,0.027200747281312943,0.0154683543369174,0.03219210356473923,0.019681543111801147,0.0,0.0023883949033915997,0.0,0.0025682030245661736,0.00824116263538599,0.007221890147775412,0.0,0.00014434715558309108,0.0,0.0003025173209607601,0.01118607260286808,0.0,0.03126690536737442,0.018935954198241234,0.016263112425804138,0.011273517273366451,0.0,0.0,0.0066930088214576244,0.009446181356906891,0.0011591401416808367,0.0001727541530271992,0.0,0.0,0.00031791857327334583,0.0026987220626324415,0.0,7.156236097216606e-05,0.0,0.0,0.0,0.0,0.0,0.0,0.0,0.19377195835113525,0.0,0.0,0.0,0.0,0.0,0.0,0.0,0.6536604762077332,0.0,0.0,0.0,0.0022974442690610886,0.0,0.601565420627594
21,0.7,0.0020530670881271362,0.0,0.0,0.0,0.0,0.0,0.0,0.0018254744354635477,0.0,0.0,0.0,0.0,0.0,0.0,0.0,0.0,0.0018461339641362429,0.1121852770447731,0.0,0.0,0.0,0.0,0.0007183282868936658,0.013849519193172455,0.013941940851509571,0.0,0.0,0.000989543623290956,0.0010652513010427356,0.002735369373112917,0.0030889310874044895,0.015079205855727196,0.0,0.0,0.02556001953780651,0.010720965452492237,0.008186275139451027,0.0,0.0012949202209711075,0.012510227039456367,0.015624480322003365,0.0007766550406813622,0.0,0.0003533423878252506,0.004855028819292784,0.006078304257243872,0.0,0.0,0.0,0.0,0.0,0.0,0.0,0.0,0.0,0.0,0.3323761522769928,0.0,0.0,0.0,0.02205018699169159,0.0,0.0,0.0,1.0951212644577026,0.0,0.0,0.0,0.0,0.0,1.0
22,0.7333333333333333,0.0,0.0,0.0,0.0,0.0,0.0,0.0027912550140172243,0.0,0.0,0.0,0.0,0.0,0.0,0.002996098715811968,0.0,0.0,0.00041856715688481927,0.2452852427959442,0.0,0.0,0.0,0.0,0.0,0.03495725616812706,0.033585358411073685,0.0,0.0,0.0058983382768929005,0.005239876452833414,0.008305657655000687,0.008597943931818008,0.0591452419757843,0.004825714975595474,0.0,0.012438897043466568,0.014915736392140388,0.015233534388244152,0.0,6.65923798806034e-05,0.0,0.0011195585830137134,0.0,0.0,0.0037732222117483616,0.018091242760419846,0.020456872880458832,0.0,0.0,0.0,0.0,0.0,0.0,0.0,0.0,0.0,0.0,0.4145927429199219,0.0,0.0,0.0,0.020551562309265137,0.0,0.0,0.0,1.2000000476837158,0.0011622686870396137,0.0,0.07804819196462631,0.0,0.0,1.0
23,0.7666666666666667,0.0,0.0,0.0,0.0,0.0,0.0,0.01115566398948431,0.0,0.0,0.0,0.0,0.0,0.0,0.011243904009461403,0.0,0.0,0.0033062808215618134,0.38713642954826355,0.0,0.0,0.0,0.0,0.0,0.028091594576835632,0.030720839276909828,0.0,0.0,0.004020483698695898,0.004241273272782564,0.01022527739405632,0.010408183559775352,0.033562324941158295,0.005067179445177317,0.0,0.017322074621915817,0.0,0.002643629675731063,0.0,0.0015882240841165185,0.0,0.0014975229278206825,0.0,0.0,0.00488857040181756,0.03122270107269287,0.0341884046792984,0.0,0.0,0.0,0.0,0.0,0.0,0.0,0.0,0.0,0.0,0.49261149764060974,0.0,0.0,0.0,0.0,0.0,0.0,0.0,1.2000000476837158,0.004953550174832344,0.0,0.17401638627052307,0.0,0.0,1.0
24,0.8,0.0,0.0,0.0,0.0,0.0,0.0,0.014947477728128433,0.0,0.0,0.0,0.0,0.0,0.0,0.014976645819842815,0.0,0.0,0.00466373423114419,0.4754864275455475,0.0,0.0,0.0,0.0,0.0,0.0,0.006361921783536673,5.229155794950202e-05,0.0,0.0,0.0009351735934615135,0.00829662848263979,0.008397056721150875,0.0,0.0,0.0,0.02492671273648739,0.0,0.0014862515963613987,0.019417650997638702,0.020126471295952797,0.0,0.002317810198292136,0.0,0.0,0.00588030694052577,0.03717651963233948,0.04027095437049866,0.0,0.0,0.0,0.0,0.0,0.0,0.0,0.0,0.0,0.0,0.17297515273094177,0.0,0.0,0.0,0.17985883355140686,0.0,0.0,0.0,1.2000000476837158,0.008822022937238216,0.0,0.12337193638086319,0.0,0.0,1.0
25,0.8333333333333334,0.0,0.0,0.0,0.0,0.0,0.0,0.018160972744226456,0.0,0.0,0.0,0.0,0.0,0.0,0.01804746501147747,0.025966500863432884,0.0,0.006198089104145765,0.5475459694862366,0.03718356788158417,0.05447316914796829,0.0,0.0,0.0,0.0,0.0023809396661818027,0.005641278810799122,0.0032745988573879004,0.0,0.0,0.008372161537408829,0.008384260348975658,0.0054853446781635284,0.0,0.0,0.015865406021475792,0.0,0.0004010031989309937,0.018350062891840935,0.017446009442210197,0.0,0.0005675188731402159,0.0,0.0,0.007738864980638027,0.04044209420681,0.04351125657558441,0.0,0.0,0.0,0.0,0.0,0.0,0.0,0.0,0.0,0.0,0.0,0.014515846967697144,0.0,0.0,0.24239680171012878,0.0,0.0,0.0,1.022139549255371,0.007351964712142944,0.0,0.1317186802625656,0.0,0.0,0.8921012878417969
26,0.8666666666666667,0.0,0.0,0.0,0.0,0.0,0.0,0.018138766288757324,0.0,0.0,0.0,0.0,0.0,0.0,0.017858976498246193,0.028952624648809433,0.0,0.012081724591553211,0.4779154062271118,0.07811319828033447,0.10366781800985336,0.0,0.0,0.0029563037678599358,0.0,0.003589723724871874,0.011346827261149883,0.008078964427113533,0.0,2.4384189600823447e-05,0.006725472863763571,0.006821891758590937,0.0032059529330581427,0.0,0.0,0.017112543806433678,0.00483979657292366,0.0031029756646603346,0.012416096404194832,0.010730397887527943,0.0,0.0004361616156529635,0.0,0.0,0.0090104341506958,0.03536521643400192,0.03809434548020363,0.001634855754673481,0.0,0.0,0.0,0.0,0.0,0.0,0.0,0.0,0.0,0.0,0.018371552228927612,0.0,0.0,0.24513252079486847,0.0,0.0,0.0,0.9598978757858276,0.00681062787771225,0.0,0.1497269570827484,0.0,0.0,0.8806043267250061
27,0.9,0.0,0.0,0.0,0.0,0.0,0.0,0.018300633877515793,0.0,0.0,0.0,0.0,0.0,0.0,0.01783464476466179,0.0,0.0,0.012910771183669567,0.2807953655719757,0.14260627329349518,0.14674074947834015,0.030251240357756615,0.0,0.007679069880396128,0.0,0.005118838511407375,0.017720429226756096,0.013886530883610249,0.0,0.0007240797276608646,0.0018143858760595322,0.0022188634611666203,0.014091354794800282,0.0,0.0,0.02362421713769436,0.02110261283814907,0.014104639180004597,0.002178044058382511,0.0,0.0,0.0009043789468705654,0.0,0.0,0.008225188590586185,0.03132433071732521,0.03359632194042206,0.008617885410785675,0.0,0.0,0.0,0.0,0.0,0.0,0.0,0.0,0.0,0.0,0.02793373167514801,0.0,0.0,0.20697078108787537,0.0,0.0,0.0,0.7064782381057739,0.006659291684627533,0.0,0.2297774851322174,0.0,0.0,0.7047193646430969
28,0.9333333333333333,0.0,0.0,0.0,0.0,0.0,0.0,0.020121948793530464,0.0,0.0,0.0,0.0,0.0,0.0,0.019454441964626312,0.0,0.0,0.015517431311309338,0.13216908276081085,0.15934202075004578,0.11299783736467361,0.12017381936311722,0.0,0.013171893544495106,0.0,0.01258243340998888,0.013880684040486813,0.008937990292906761,0.0,0.0027288347482681274,0.0,0.0007323830504901707,0.057261668145656586,0.0,0.031574420630931854,0.028901636600494385,0.03893909975886345,0.030625266954302788,0.0012419186532497406,0.0,0.0,0.0004520835354924202,0.0,0.0,0.005239729303866625,0.02899010479450226,0.030399125069379807,0.008935101330280304,0.0,0.0,0.0,0.0,0.0,0.0,0.0,0.0,0.0,0.0,0.03935942053794861,0.0,0.0,0.17799881100654602,0.0,0.0,0.0,0.4629362225532532,0.006246097385883331,0.0,0.3168245553970337,0.0,0.0,0.5595743060112
29,0.9666666666666667,0.0,0.0,0.0,0.0,0.0,0.0,0.021572204306721687,0.0,0.0,0.0,0.0,0.0,0.0,0.02083474025130272,0.0,0.0,0.012449364177882671,0.07358118146657944,0.09695921093225479,0.1356872171163559,0.14317980408668518,0.0,0.012751874513924122,0.0,0.01518971472978592,0.007191244047135115,0.002060040133073926,0.0,0.0036342861130833626,0.0,0.0008733990835025907,0.04192022979259491,0.0,0.03233833238482475,0.02647971920669079,0.04076351225376129,0.03517952188849449,0.0008044385467655957,0.0,0.0022816716227680445,0.002491813851520419,0.0,0.0,0.004437439143657684,0.028029341250658035,0.028883179649710655,0.010630650445818901,0.0,0.0,0.0,0.0,0.0,0.0,0.0,0.0,0.0,0.0,0.03787492215633392,0.0,0.0,0.1860264092683792,0.0,0.0,0.0,0.48806464672088623,0.005322031676769257,0.0,0.2898184061050415,0.0,0.0,0.5904728174209595
30,1.0,0.0,0.0,0.0,0.0,0.0,0.0,0.021296653896570206,0.0,0.0,0.0,0.0,0.0,0.0,0.02060888521373272,0.0,0.0,0.00719098886474967,0.03738816827535629,0.0311783105134964,0.16934804618358612,0.13341012597084045,0.0,0.009755621664226055,0.0,0.015286889858543873,0.004577722400426865,0.0,0.0,0.003964489791542292,0.0018247346160933375,0.0027549692895263433,0.0,0.0,0.011483992449939251,0.007407176773995161,0.0403304360806942,0.03938299044966698,0.000991861685179174,0.0,0.0,0.0,0.0,0.0,0.0030869939364492893,0.02595262974500656,0.026302844285964966,0.012606288306415081,0.0,0.0,0.0,0.0,0.0,0.0,0.0,0.0,0.0,0.0,0.026883766055107117,0.0,0.0,0.16327311098575592,0.0,0.0,0.0,0.5047252178192139,0.0036828145384788513,0.0,0.1936209350824356,0.0,0.0,0.5329985022544861
31,1.0333333333333334,0.0,0.0,0.0,0.0,0.0,0.0,0.022372832521796227,0.0,0.0,0.0,0.0,0.0,0.00011824871762655675,0.021613266319036484,0.0108750369399786,0.004891898948699236,0.003416032064706087,0.014157095924019814,0.0074680098332464695,0.203461155295372,0.1752244234085083,0.0,0.006610661745071411,0.0,0.010597503744065762,0.0030827736482024193,0.0,0.0,0.0032877994235605,0.002320254920050502,0.0032352569978684187,0.0,0.0,0.004151162691414356,0.0008289727265946567,0.03645491972565651,0.03645807504653931,0.0067469957284629345,0.007339842617511749,0.0,0.0,0.0,0.0,0.0,0.025765912607312202,0.02560572698712349,0.016192873939871788,0.0006514922715723515,0.0005311204586178064,0.0,0.0,0.0,0.0,0.0,0.0,0.0,0.0,0.01605408638715744,0.0,0.0,0.11726509779691696,0.0,0.0,0.0,0.4465058445930481,0.0025962255895137787,0.0,0.11473392695188522,0.0,0.0,0.3882358968257904
32,1.0666666666666667,0.0,0.0,0.0,0.0,0.0,0.0,0.023613017052412033,0.0,0.0,0.0,0.0,0.0,0.001189171220175922,0.022812549024820328,0.011825465597212315,0.009564992040395737,0.0,0.0,0.0,0.20065127313137054,0.21309085190296173,0.0,0.004627194255590439,0.01758926920592785,0.02108553797006607,0.0019111644942313433,0.0,0.0014626281335949898,0.0035010958090424538,0.0013674889924004674,0.00237153354100883,0.0,0.0,0.014858641661703587,0.0029972821939736605,0.02930864505469799,0.028065979480743408,0.003968946170061827,0.006073805969208479,0.0019177856156602502,0.0,0.0,0.0,0.0,0.024007176980376244,0.02384813502430916,0.017710592597723007,0.004933088086545467,0.004221068695187569,0.0,0.0,0.0,0.0,0.0,0.0,0.0,0.0,0.006536796689033508,0.0,0.0,0.09820584207773209,0.0,0.0,0.0,0.4642283320426941,0.001844707876443863,0.0,0.04062110558152199,0.0,0.0,0.3371235132217407
33,1.1,0.0,0.0,0.0,0.0,0.0,0.0,0.025570856407284737,0.0,0.0,0.0,0.0,0.0,0.001193692907691002,0.0247210506349802,0.018474526703357697,0.013437486253678799,0.0,0.0,0.0,0.16998746991157532,0.26328045129776,0.0,0.0035415661986917257,0.03095252625644207,0.03141646087169647,0.0016293114749714732,0.0,0.0,0.0013446990633383393,8.858796354616061e-05,0.0011260871542617679,0.010477050207555294,0.0,0.061238229274749756,0.004051602445542812,0.033405374735593796,0.03075115941464901,0.0,0.00152586551848799,0.007374422159045935,0.0038134895730763674,0.0,0.0,0.0,0.023847360163927078,0.02373320236802101,0.01974860578775406,0.005801067687571049,0.0048240660689771175,0.0,0.0,0.0,0.0,0.0,0.0,0.0,0.0,0.00525597482919693,0.0,0.0,0.0970289334654808,0.0,0.0,0.0,0.4669133424758911,0.0017992742359638214,0.0,0.030829766765236855,0.0,0.0,0.33282390236854553
34,1.1333333333333333,0.0,0.0,0.0,0.0,0.0,0.0,0.02619706094264984,0.0,0.0,0.0,0.0,0.0,0.0007516713812947273,0.02531745471060276,0.033848837018013,0.013058972544968128,0.0,0.0,0.0,0.15265509486198425,0.2953433096408844,0.0009533405536785722,0.004468442406505346,0.038087837398052216,0.04117107763886452,0.0021374686621129513,0.0,0.0,0.001417001592926681,0.0,0.0010725007159635425,0.02478739060461521,0.0,0.1061086505651474,0.009230461902916431,0.03742619976401329,0.0343342050909996,0.0,0.0,0.015285599045455456,0.011180858127772808,0.0,0.0,0.0,0.02261698618531227,0.022533293813467026,0.022842910140752792,0.003532099537551403,0.0027233408764004707,0.00013829705130774528,0.0,0.0,0.0,0.0,0.0,0.0,0.0,0.004032954573631287,0.0,0.0,0.11397816240787506,0.0,0.0,0.0,0.5352983474731445,0.001838136464357376,0.0,0.01649070717394352,0.0,0.0,0.3971593677997589
35,1.1666666666666667,0.0,0.0,0.0,0.0,0.0,0.0,0.027803542092442513,0.0,0.0,0.0,0.0,0.0,0.0005777926417067647,0.02690955623984337,0.041082266718149185,0.008848323486745358,0.0,0.0,0.0,0.1395782232284546,0.3120037615299225,0.0016053898725658655,0.006412369664758444,0.03735283762216568,0.045720260590314865,0.0034016703721135855,0.0005835531046614051,0.0,0.002028461778536439,0.0,0.001002686214633286,0.03331180661916733,0.0,0.13111180067062378,0.010391647927463055,0.04091906175017357,0.03873033449053764,0.0,0.0,0.017416153103113174,0.013173358514904976,0.0,0.0,0.0,0.02312893234193325,0.02320946380496025,0.023986972868442535,0.0014039140660315752,0.0011719674803316593,0.00020470586605370045,0.0,0.0,0.0,0.0,0.0,0.0,0.004166461527347565,0.00282442569732666,0.0,0.0,0.10680801421403885,0.0,0.0,0.0,0.5144199132919312,0.0011567175388336182,0.0,0.0,0.0,0.0,0.381771981716156
36,1.2,0.0,0.0,0.0,0.0,0.0,0.0,0.028889017179608345,0.0,0.0,0.0,0.0,0.0,0.0,0.027875280007719994,0.042759008705616,0.004929306451231241,0.002199644921347499,0.0,0.0,0.1577831655740738,0.31527435779571533,0.0,0.0070550269447267056,0.0505257211625576,0.06100313737988472,0.002826306503266096,0.0,0.0,0.0023907984141260386,0.0,0.0009496136917732656,0.03892679512500763,0.0,0.14345844089984894,0.025227922946214676,0.03228839114308357,0.030904293060302734,0.0,0.0,0.035788677632808685,0.03164186328649521,0.0,0.0,0.0,0.023128926753997803,0.023145781829953194,0.026010850444436073,0.0,0.00023768114624544978,0.0003933388798031956,0.0,0.0,0.0,0.0,0.0,0.0,0.0,0.00408463180065155,0.0,0.0,0.1457011103630066,0.0,0.0,0.0,0.6300187706947327,0.0014725588262081146,0.0,8.760625496506691e-05,0.0,0.0,0.5105673670768738
37,1.2333333333333334,0.0,0.0,0.0,0.0,0.0,0.0,0.027246739715337753,0.0,0.0,0.0,0.0,0.0,0.0,0.02623758278787136,0.04478961229324341,0.001098354929126799,0.006551804486662149,0.0,0.0,0.18372511863708496,0.2695825397968292,0.0,0.008605129085481167,0.06165342405438423,0.07265596836805344,0.002654479583725333,0.0,0.0,0.0029103844426572323,0.0006791386404074728,0.0017146216705441475,0.02869459241628647,0.0,0.1286185085773468,0.04064682871103287,0.02013762667775154,0.020315608009696007,0.0,0.0,0.050839316099882126,0.046620700508356094,0.0,0.0,0.0,0.01857263408601284,0.018634000793099403,0.024998219683766365,0.0,0.0004659440601244569,0.00051848468137905,0.0,0.0,0.0,0.0,0.0,0.0,0.05087640881538391,0.003287583589553833,0.0,0.0,0.14772966504096985,0.0,0.0,0.0,0.7819293141365051,0.0014866366982460022,0.0,0.0,0.0,0.0,0.6834894418716431
38,1.2666666666666666,0.0,0.0,0.0,0.0,0.0,0.0,0.026233434677124023,0.0,0.0,0.0,0.0,0.0,0.0,0.02527959644794464,0.04584139212965965,0.0010475203162059188,0.006395870354026556,0.0,0.0,0.17248497903347015,0.2265469878911972,0.0,0.008426799438893795,0.06807710975408554,0.07886268943548203,0.0024695140309631824,0.0,0.0,0.0030090869404375553,0.001283175777643919,0.0023593762889504433,0.023289216682314873,0.0,0.11457507312297821,0.04293791949748993,0.01503043808043003,0.01536567509174347,0.0,0.0,0.053487326949834824,0.0498695932328701,0.0,0.0,0.0,0.017727892845869064,0.017930155619978905,0.02244485169649124,0.0,0.0004371684917714447,0.0004894507583230734,0.0,0.0,0.0,0.0,0.0,0.0,0.09623335301876068,0.001705169677734375,0.0,0.0,0.16097140312194824,0.0,0.0,0.0,0.9891160130500793,0.0021626874804496765,0.0,0.0,0.0,0.0,0.888036847114563
39,1.3,0.0,0.0,0.0,0.0,0.0,0.0,0.02476351708173752,0.0,0.0,0.0,0.0,0.0,0.0,0.023908494040369987,0.04653601720929146,0.0,0.0077288406901061535,0.0,0.0,0.1651378870010376,0.1400386095046997,0.0,0.008107397705316544,0.07024072855710983,0.08128219842910767,0.002177822170779109,0.0,0.0049859993159770966,0.00766224367544055,0.0021854867227375507,0.0031269018072634935,0.0002886916045099497,0.0,0.07243635505437851,0.044104453176259995,0.005198618397116661,0.00595105579122901,0.0,0.0009945345809683204,0.055242765694856644,0.05357104539871216,0.0,0.0,0.0,0.016894526779651642,0.017455166205763817,0.016530223190784454,0.0,0.0005094294901937246,0.0023752558045089245,0.002296093851327896,0.0,0.0,0.0,0.0,0.0,0.12330016493797302,0.0,0.0,0.0,0.20328253507614136,0.0,0.0,0.0,1.2000000476837158,0.0036637275479733944,0.0,0.008263394236564636,0.0,0.0,1.0
40,1.3333333333333333,0.0,0.0,0.0,0.0,0.0,0.0,0.02248709835112095,0.0,0.0,0.0,0.0,0.0,0.0,0.021826663985848427,0.036293160170316696,0.0,0.009128427132964134,0.0,0.0,0.1354495733976364,0.05284198001027107,0.0,0.007286999374628067,0.07628727704286575,0.0878932848572731,0.001203877734951675,0.0,0.013874275609850883,0.015956759452819824,0.003156994003802538,0.0038653891533613205,0.0,0.0,0.032260630279779434,0.042556460946798325,0.0,0.0019555205944925547,0.0,0.001991080120205879,0.051085855811834335,0.05207207426428795,0.0,0.0,0.0,0.016620252281427383,0.017573533579707146,0.010191577486693859,0.0,0.0006508342339657247,0.002926473505795002,0.003397971158847213,0.0,0.0,0.0,0.0,0.0,0.12393981218338013,0.0,0.0,0.0,0.2064044326543808,0.0,0.0,0.0,1.2000000476837158,0.00443551130592823,0.0,0.022762462496757507,0.0,0.0,1.0
41,1.3666666666666667,0.0,0.0,0.0,0.0,0.0,0.0,0.019416624680161476,0.0,0.0,0.0,0.0,0.0,0.0,0.018974224105477333,0.016754241660237312,0.0,0.016327423974871635,0.030988091602921486,0.0,0.06930861622095108,0.0,0.0,0.006890489254146814,0.1052972599864006,0.11515040695667267,0.0,0.0,0.030739467591047287,0.031771205365657806,0.007217078004032373,0.007768791168928146,0.0,0.0,0.0,0.05669967457652092,0.0,0.0036196790169924498,0.014702138490974903,0.0181269571185112,0.06415068358182907,0.06592030823230743,0.0,0.0,0.0,0.011449091136455536,0.012756560929119587,0.0,0.0,0.00048784451792016625,0.00287642702460289,0.003646116703748703,0.0,0.0,0.0,0.0,0.0,0.0404219925403595,0.0032778577879071236,0.0,0.0,0.21620827913284302,0.0,0.0,0.0,1.048689603805542,0.0033085746690630913,0.0,0.0031106173992156982,0.0,0.0,0.9220399856567383
42,1.4,0.0,0.0,0.0,0.0,0.0,0.0,0.01775115542113781,0.0,0.0,0.0,0.0,0.0,0.0,0.017453011125326157,0.0,0.0,0.020057708024978638,0.11324021965265274,0.0,0.0,0.0,0.0,0.0032817739993333817,0.18534711003303528,0.18309256434440613,0.0,0.0,0.041714057326316833,0.039872780442237854,0.01757689379155636,0.017931928858160973,0.023675793781876564,0.0,0.0,0.058398228138685226,0.0,0.005158360581845045,0.0,0.005626754369586706,0.043478261679410934,0.04596859589219093,0.0,0.0,0.0,0.008242296054959297,0.00979023240506649,0.0,0.0,0.0,0.0,0.0,0.0,0.0,0.0,0.0,0.0,0.039715781807899475,0.002136522438377142,0.0,0.0,0.16688662767410278,0.0,0.0,0.0,0.8787928223609924,0.002972635440528393,0.0,0.005922369658946991,0.0,0.0,0.7354541420936584
43,1.4333333333333333,0.0,0.0,0.0,0.0,0.0,0.0,0.01579993963241577,0.0,0.0,0.0,0.0,0.0,0.0,0.015649370849132538,0.0,0.0,0.019483093172311783,0.25490865111351013,0.0,0.0,0.0,0.0,0.0,0.268159955739975,0.25175920128822327,0.0,0.0,0.05743762105703354,0.05190311372280121,0.03073604218661785,0.030782425776124,0.08597985655069351,0.006076944060623646,0.0,0.05389392375946045,0.0,0.008368868380784988,0.0,0.006455620285123587,0.0032725513447076082,0.0061645726673305035,0.0,0.0,0.0,0.006485153455287218,0.008565169759094715,0.0,0.0,0.0,0.0,0.0,0.0,0.0,0.0,0.0,0.0,0.04521835595369339,0.0006470680236816406,0.0,0.0,0.12038113176822662,0.0,0.0,0.0,0.72315514087677,0.002270333468914032,0.0,0.0,0.0,0.0,0.5747931599617004
44,1.4666666666666666,0.0,0.0,0.0,0.0,0.0,0.0,0.01628311723470688,0.0,0.0,0.0,0.0,0.0,0.0,0.01618802361190319,0.0,0.0,0.015457215718925,0.35622915625572205,0.0,0.0,0.0,0.0,0.0,0.2785849869251251,0.25673651695251465,0.0,0.0,0.0601826086640358,0.05316300317645073,0.03675617650151253,0.03658479452133179,0.1063975989818573,0.014535412192344666,0.0,0.05279106646776199,0.0,0.00948402564972639,0.0,0.00697371968999505,0.0,0.0010850717080757022,0.0,0.0,0.0,0.008467080071568489,0.010940312407910824,0.0,0.0,0.0,0.0,0.0,0.0,0.0,0.0,0.0,0.0,0.04067343473434448,0.0007698386907577515,0.0,0.0,0.07802826911211014,0.0,0.0,0.0,0.5379153490066528,0.0013292543590068817,0.0,0.0,0.0,0.0,0.3958088457584381
45,1.5,0.0,0.0,0.0,0.0,0.0,0.0,0.014998708851635456,0.0,0.0,0.0,0.0,0.0,0.0,0.014945325441658497,0.0,0.0,0.012736004777252674,0.3721039295196533,0.0,0.0,0.0,0.0,0.0,0.28232207894325256,0.2584383487701416,0.0,0.0,0.05976057052612305,0.05218545347452164,0.03679810091853142,0.0366947166621685,0.16521002352237701,0.024500206112861633,0.0,0.04912809655070305,0.0,0.008855359628796577,0.0,0.004357024561613798,0.0,0.0,0.0,0.0,0.0,0.006386704742908478,0.008900629356503487,0.0,0.0,0.0,0.0,0.0,0.0,0.0,0.0,0.0,0.0,0.044859111309051514,0.0016236230731010437,0.0,0.0,0.0490855872631073,0.0,0.0,0.0,0.41135185956954956,0.00024883635342121124,0.0,0.0,0.0,0.0,0.2925502359867096
46,1.5333333333333334,0.0,0.0,0.0,0.0,0.0,0.0,0.012007376179099083,0.0,0.0,0.0,0.0,0.0,0.0,0.012013019062578678,0.0,0.0,0.00900606345385313,0.3546381890773773,0.0,0.0,0.0,0.0,0.0,0.2827238440513611,0.255263090133667,0.0,0.0,0.057414233684539795,0.049251846969127655,0.03468390926718712,0.03463900461792946,0.212140753865242,0.029841629788279533,0.0,0.04920194670557976,0.0,0.006878708489239216,0.0,0.0024012865033000708,0.0,0.0,0.0,0.0,0.0,0.0042040226981043816,0.006687053944915533,0.0,0.0,0.0,0.0,0.0,0.0,0.0,0.0,0.0,0.0,0.08262032270431519,0.0,0.0,0.0,0.006136561278253794,0.0,0.0,0.0,0.32690802216529846,0.0,0.0,0.0,0.0,0.0,0.24521559476852417
47,1.5666666666666667,0.0,0.0,0.0,0.0,0.0,0.0,0.009396564215421677,0.0,0.0,0.0,0.0,0.0,0.0,0.009376822039484978,0.0,0.0,0.008703706786036491,0.3186923861503601,0.0,0.0,0.0,0.0,0.0,0.2608840763568878,0.23311345279216766,0.0,0.0,0.05161600559949875,0.0439874567091465,0.029870597645640373,0.02986731566488743,0.21509985625743866,0.026754306629300117,0.0,0.04775705188512802,0.0,0.004777516704052687,0.0,0.001795634045265615,0.0,0.0,0.0,0.0,0.0,0.002215038053691387,0.004393760114908218,0.0,0.0,0.0,0.0,0.0,0.0,0.0,0.0,0.0,0.0,0.10017453134059906,0.0,0.0,0.0,0.0,0.0,0.0,0.0,0.34045735001564026,0.0,0.0,0.0,0.015437982976436615,0.0,0.2821884751319885
48,1.6,0.0,0.0,0.0,0.0,0.0,0.0,0.008846411481499672,0.0,0.0,0.0,0.0,0.0,0.0,0.008767747320234776,0.0,0.0,0.008998164907097816,0.2565669119358063,0.0,0.0,0.0,0.0,0.0,0.23237359523773193,0.2076367884874344,0.0,0.0,0.04537837579846382,0.03876050189137459,0.025424225255846977,0.025432458147406578,0.19393198192119598,0.022028537467122078,0.0,0.045172590762376785,0.0,0.0036545840557664633,0.0,0.0015589725226163864,0.0,0.00020929728634655476,0.0,0.0,0.0,0.001915222266688943,0.003728932933881879,0.0,0.0,0.0,0.0,0.0,0.0,0.0,0.0,0.0,0.0,0.08509332686662674,0.0,0.0,0.0,0.0,0.0,0.0,0.0,0.3129695951938629,0.0,0.0008821840165182948,0.0,0.020180819556117058,0.0,0.2373497188091278
49,1.6333333333333333,0.0,0.0,0.0,0.0,0.0,0.0,0.009852474555373192,0.0,0.0,0.0,0.0,0.0,0.0,0.009752282872796059,0.0,0.0,0.009677475318312645,0.19847843050956726,0.0,0.0,0.0,0.0,0.0,0.20333702862262726,0.1821579784154892,0.0,0.0,0.03778666630387306,0.03233133256435394,0.021207479760050774,0.02123573236167431,0.17333492636680603,0.01728416234254837,0.0,0.04480396956205368,0.0,0.0023080126848071814,0.0,0.0011549171758815646,0.0,0.0007222690037451684,0.0,0.0,0.0,0.0023337402381002903,0.003964750561863184,0.0,0.0,0.0,0.0,0.0,0.0,0.0,0.0,0.0,0.0,0.05997094511985779,0.0,0.0,0.0,0.0,0.0,0.0,0.0,0.26023542881011963,0.0,0.0018720051739364862,0.0,0.023684082552790642,0.0,0.16004952788352966
50,1.6666666666666667,0.0,0.0,0.0,0.0,0.0,0.0,0.009189814329147339,0.0,0.0,0.0,0.0,0.0,0.0,0.009058856405317783,0.0,0.0,0.01152062974870205,0.12808850407600403,0.0,0.0,0.0,0.0,0.0,0.15784233808517456,0.14451240003108978,0.0,0.0,0.027472853660583496,0.02397621050477028,0.016932474449276924,0.017042845487594604,0.14172206819057465,0.011418343521654606,0.0,0.04050428047776222,0.0,0.0017041292740032077,0.0,0.00019157670612912625,0.0045882281847298145,0.005106867291033268,0.0,0.0,0.0,0.0013600587844848633,0.00270105991512537,0.0,0.0,0.0,0.0,0.0,0.0,0.0,0.0,0.0,0.0,0.02189696952700615,0.0,0.0,0.0,0.00120601337403059,0.0,0.0,0.0,0.20000000298023224,0.0,0.002768237143754959,0.0,0.026443306356668472,0.0,0.05986061319708824
51,1.7,0.0,0.0,0.0,0.0,0.0,0.0,0.006971827708184719,0.0,0.0,0.0,0.0,0.0,0.0,0.0068501573987305164,0.0,0.0,0.009636505506932735,0.07121565192937851,0.0,0.0,0.0,0.0,0.0,0.12056360393762589,0.11101756244897842,0.0,0.0,0.02001742087304592,0.017431501299142838,0.013571898452937603,0.01366274245083332,0.11363349854946136,0.007162021938711405,0.0,0.034681033343076706,0.0,0.000931053888052702,0.0,0.0,0.007599742151796818,0.008008386008441448,0.00035272404784336686,0.0,0.0,0.0,0.0007391315884888172,0.0,0.0,0.0,0.0,0.0,0.0,0.0,0.0,0.0,0.0,0.01998003013432026,0.0,0.0,0.0,0.0,0.0,0.0,0.0,0.20338228344917297,0.0,0.003602305892854929,0.0,0.032977525144815445,0.0,0.04429902508854866
52,1.7333333333333334,0.0,0.0,0.0,0.0,0.0,0.0,0.006117669865489006,0.0,0.0,0.0,0.0,0.0,0.0,0.006051308009773493,0.0,0.0,0.007542852312326431,0.03667616844177246,0.0,0.0,0.0,0.0,0.0001011524727800861,0.0851130411028862,0.0790247842669487,0.0,0.0,0.013181408867239952,0.011508533731102943,0.009662199765443802,0.009796767495572567,0.08989256620407104,0.005048662889748812,0.0,0.02643008530139923,0.00032152875792235136,0.0007305784383788705,0.0,0.0,0.006909557618200779,0.00708688935264945,0.0005852926406078041,0.0,0.0,0.0,0.0005136427935212851,0.0,0.0,0.0,0.0,0.0,0.0,0.0,0.0,0.0,0.0,0.01155906729400158,0.0,0.0,0.0,0.0,0.0,0.0,0.0,0.20000000298023224,0.0,0.002921659965068102,0.0,0.026638930663466454,0.0,0.025562802329659462
53,1.7666666666666666,0.0,0.0,0.0,0.0,0.0,0.0,0.0052726250141859055,0.0,0.0,0.0,0.0,0.0,0.0,0.0052202362567186356,0.0,0.0,0.005087787751108408,0.012978805229067802,0.0,0.0,0.0,0.0,0.000384817918529734,0.059460144490003586,0.055768806487321854,0.0,0.0,0.008304615505039692,0.007228943519294262,0.006613589823246002,0.006726469844579697,0.0708577111363411,0.0036025529261678457,0.0,0.019704848527908325,0.0027034461963921785,0.002711361041292548,0.0,0.0,0.006626978050917387,0.006628289818763733,0.00042247792589478195,0.0,0.0,0.0,0.00048066931776702404,0.0,0.0,0.0,0.0,0.0,0.0,0.0,0.0,0.0,0.0,0.011564082466065884,0.0,0.0,0.0,0.0,0.0,0.0,0.0,0.20717592537403107,0.0,0.0023373214062303305,0.0,0.021910535171628,0.0,0.026204336434602737
54,1.8,0.0,0.0,0.0,0.0,0.0,0.0,0.004077231045812368,0.0,0.0,0.0,0.0,0.0,0.0,0.00402670307084918,0.0,0.0,0.0030455917585641146,0.0,0.0,0.0,0.0,0.0,0.000491103797685355,0.04020921140909195,0.03821413591504097,0.0,0.0,0.003925320226699114,0.0033156562130898237,0.003903353586792946,0.003987276926636696,0.051950953900814056,0.0019328774651512504,0.00465739332139492,0.013751384802162647,0.005026485305279493,0.00486126309260726,0.0,0.0,0.007149286102503538,0.006829629186540842,0.00029853725573047996,0.0,0.0,8.00246125436388e-05,0.0004630120820365846,0.0,0.0,0.0,0.0,0.0,0.0,0.0,0.0,0.0,0.0,0.009773687459528446,0.0,0.0,0.0,0.0,0.0,0.0,0.0,0.20968852937221527,0.0,0.0016359389992430806,0.0,0.015841787680983543,0.0,0.023470183834433556
55,1.8333333333333333,0.0,0.0,0.0,0.0,0.0,0.0,0.0018899162532761693,0.0,0.0,0.0,0.0,0.0,0.0,0.0018611752893775702,0.0,0.0,0.002058823360130191,0.0,0.0,0.0,0.0,0.0,0.0004989138105884194,0.02923961915075779,0.028779199346899986,0.0,0.0,0.002172821667045355,0.0018811587942764163,0.002572237979620695,0.0026265871711075306,0.04298589751124382,0.0,0.021640514954924583,0.009153771214187145,0.004932329524308443,0.005127017851918936,0.0,0.0,0.00448753172531724,0.004084335174411535,0.00020569577463902533,0.0,0.0,0.0005661569884978235,0.0008720509358681738,0.0,0.0,0.0,0.0,0.0,0.0,0.0,0.0,0.0,0.0,0.007042992860078812,0.0,0.0,0.0,0.0,0.0,0.0,0.0,0.20748087763786316,0.0,0.0012813139474019408,0.0,0.01232417207211256,0.0,0.017012599855661392
56,1.8666666666666667,0.0,0.0,0.0,0.0,0.0,0.0,4.025554062536685e-06,3.2016690965974703e-05,0.0,0.0,0.0,0.0,0.0,0.0,0.0,0.0,0.0015207715332508087,0.0,0.0,0.0,0.0,0.0,0.0005078925169073045,0.015148626640439034,0.016113420948386192,0.0,0.0,0.001444163266569376,0.0014147466281428933,0.0013893803115934134,0.0014061182737350464,0.024693908169865608,0.0,0.019281378015875816,0.0057710460387170315,0.0031094742007553577,0.0038079095538705587,0.0,0.0,0.0031668636947870255,0.0028066395316272974,0.0,0.0,0.0007476063910871744,0.00170836818870157,0.0018545347265899181,0.0,0.0,0.0,0.0,0.0,0.0,0.0,0.0,0.0,0.0,0.00992131233215332,0.0,0.0,0.0,0.0,0.0,0.0,0.0,0.22042801976203918,0.0,0.0009601459605619311,0.0,0.010387102141976357,0.0,0.028918251395225525
57,1.9,0.0012749015586450696,0.0,0.0,0.0,0.0,0.0,0.0,0.0013080771313980222,0.0,0.0,0.0,0.0,5.1578426791820675e-05,0.0,0.0009008055785670877,0.0,0.00036930720671080053,0.0,0.0,0.0,0.0,0.0,0.00018127581279259175,0.003245983039960265,0.0039293221198022366,0.0,0.0,0.0006312155746854842,0.0006440720171667635,0.00024172035045921803,0.0002333077572984621,0.0074570924043655396,0.0,0.004956693854182959,0.00225111679174006,0.00036120021832175553,0.0008728160755708814,0.0,0.0,0.0017198259010910988,0.0016044257208704948,0.0,0.0,0.0,0.0003714729391504079,0.0003310326428618282,0.0003702141693793237,0.0,4.4251963117858395e-05,2.323596618225565e-06,0.0,0.0,0.0,0.0,0.0,0.0,0.006505885627120733,0.0,0.0,0.0,0.0,0.0,0.0,0.0,0.22061818838119507,0.0,0.00044792552944272757,0.0,0.005730764474719763,0.0,0.0215019378811121
58,1.9333333333333333,0.0007469036499969661,0.0,0.0,0.0,0.0,0.0,0.0,0.0007710231002420187,0.0,0.0,0.0,0.0,0.0,0.0,0.0003923258336726576,0.0,0.0001996182691073045,0.0,0.0,0.0,0.0,0.0,1.3251275049697142e-05,0.0019652617629617453,0.002348250476643443,0.0,0.0,0.0003450201475061476,0.0003270126471761614,0.00015649535635020584,0.00014251028187572956,0.00553849944844842,0.0,0.005105547606945038,0.0010563302785158157,0.0,0.00033135764533653855,0.0,0.0,0.00027983487234450877,0.00026653913664631546,3.338316673762165e-05,9.91686392808333e-05,7.12378605385311e-05,1.8936223568744026e-05,0.0,0.00020364814554341137,0.0,2.307547219970729e-06,0.0,0.0,0.0,0.0,0.0,0.0,0.0,0.004266340285539627,0.0,0.0,0.0,0.0,0.0,0.0,0.0,0.21358747780323029,0.0,0.00033389939926564693,0.0,0.004127021878957748,0.0,0.014057387597858906
59,1.9666666666666666,0.000608566333539784,0.0,0.0,0.0,0.0,0.0,0.0,0.0006277912762016058,0.0,0.0,0.0,0.0,6.880032742628828e-06,0.0,0.0,0.0,5.230057013250189e-06,0.0,0.0,0.0,0.0,0.0,0.0,0.0010622505797073245,0.0012250844156369567,0.0,2.4505967303412035e-05,0.000287882168777287,0.0002601158630568534,9.822480933507904e-05,8.499206160195172e-05,0.0032725976780056953,0.0,0.003035992616787553,0.0004548364377114922,0.0,0.00015500355220865458,0.0,0.0,0.0,6.332880730042234e-05,0.0005353173473849893,0.000606856367085129,0.0,6.873361144243972e-06,0.0,3.180639032507315e-05,0.0,9.387547834194265e-06,0.0,1.8771695977193303e-05,0.0,0.0,0.0,0.0,0.0,0.0033137663267552853,0.0,0.0,0.0,0.0,0.0,0.0,0.0,0.20983698964118958,0.0,0.00023212376981973648,0.0,0.0028677773661911488,0.0,0.010854396969079971
60,2.0,0.0004271125653758645,0.0,0.0,0.0,0.0,0.0,0.0,0.000461315707070753,0.0,0.0,0.0,0.0,0.0,0.0,0.0,7.046024984447286e-05,0.0,0.0,0.0,0.0,0.0,6.691273483738769e-06,0.0,0.0009373814682476223,0.0010509457206353545,0.0,1.92468251043465e-05,0.00014201273734215647,0.00011701821495080367,5.287283784127794e-05,4.1424802475376055e-05,0.0027203357312828302,0.0,0.0031667216680943966,0.0005137010011821985,0.0,2.4082159143290482e-05,0.0,0.0,0.00015866263129282743,0.0002511266793590039,0.0004789445665664971,0.0005632790271192789,0.0,1.4767035281693097e-05,0.0,1.1627827916527167e-05,0.0,8.469703971059062e-06,9.200126078212634e-05,0.0001068729252438061,0.0,0.0,0.0,0.0,0.0,0.0032678009010851383,0.0,0.0,0.0,0.0,0.0,0.0,0.0,0.20817677676677704,0.0,0.00023027806309983134,0.0,0.0026970934122800827,0.0,0.010311689227819443
61,2.033333333333333,0.00033608125522732735,0.0,0.0,0.0,0.0,0.0,0.0,0.0003682507376652211,0.0,0.0,0.0,0.0,0.0,0.0,0.0,9.90016051218845e-05,0.0,0.0,0.0,0.0,0.0,1.1890136192960199e-05,0.0,0.0008790544234216213,0.0009387877653352916,0.0,1.1855659977300093e-05,6.1121849284973e-05,3.7077010347275063e-05,4.918848935631104e-05,4.1184655856341124e-05,0.0021145176142454147,0.0,0.002786128781735897,0.0004179365641903132,0.0,0.0,0.0,0.0,0.00015812394849490374,0.00022508171969093382,0.0003953171835746616,0.0004621105035766959,0.0,1.0096608093590476e-05,0.0,0.0,0.0,4.0162831282941625e-06,8.106527093332261e-05,8.82630338310264e-05,0.0,0.0,0.0,0.0,0.0,0.002943921834230423,0.0,0.0,0.0,0.0,0.0,0.0,0.0,0.20777885615825653,0.0,0.00024260501959361136,0.0,0.002769894665107131,0.0,0.009386388584971428
62,2.066666666666667,0.0003310473694000393,0.0,0.0,0.0,0.0,0.0,0.0,0.0003627914993558079,0.0,0.0,0.0,0.0,0.0,0.0,0.0,0.0001126646893681027,0.0,0.0,0.0,0.0,0.0,2.586469599918928e-05,9.280794074584264e-06,0.0007944741519168019,0.0008520966512151062,0.0,1.139671712735435e-05,3.5694112739292905e-05,1.3119239156367257e-05,3.923337862943299e-05,3.145435402984731e-05,0.0018959514563903213,0.0,0.0027397186495363712,0.0003711692988872528,0.0,0.0,0.0,0.0,0.0001603499986231327,0.0002321600477444008,0.00037002848694100976,0.0004333961405791342,0.0,1.0030416888184845e-05,0.0,0.0,0.0,4.588884166878415e-06,8.013655315153301e-05,8.722033817321062e-05,0.0,0.0,0.0,0.0,0.0,0.0027358434163033962,0.0,0.0,0.0,0.0,0.0,0.0,0.0,0.20709367096424103,0.0,0.0002530172641854733,0.0,0.0027923453599214554,0.0,0.00868692621588707
63,2.1,0.0002724500373005867,0.0,0.0,0.0,0.0,0.0,0.0,0.00031017709989100695,0.0,0.0,0.0,0.0,0.0,0.0,0.00014944188296794891,0.0001160930041805841,0.0,0.0,0.0,0.0,0.0,1.555606104375329e-05,5.355575467547169e-06,0.0007359575829468668,0.0007990670274011791,0.0,8.791577783995308e-06,2.8828657377744094e-05,6.150363333290443e-06,3.992307392763905e-05,3.265123814344406e-05,0.001779056154191494,0.0,0.002918935613706708,0.0003125910589005798,1.146929025708232e-05,0.0,0.0,0.0,7.686780736548826e-05,0.00015188356337603182,0.00032069222652353346,0.0003925013879779726,0.0,1.3088014384265989e-05,0.0,0.0,0.0,6.69113569529145e-06,5.847763532074168e-05,6.69035071041435e-05,0.0,0.0,0.0,0.0,0.0,0.0025295154191553593,0.0,0.0,0.0,0.0,0.0,0.0,0.0,0.2063741385936737,0.0,0.00021835454390384257,0.0,0.002434292109683156,0.0,0.00798111129552126
64,2.1333333333333333,0.00037586255348287523,0.0,0.0,0.0,0.0,0.0,0.0,0.00040762184653431177,0.0,0.0,0.0,0.0,0.0,0.0,1.8409889889881015e-05,9.051209781318903e-05,0.0,0.0,0.0,0.0,0.0,7.947548510855995e-06,0.0,0.0007679066038690507,0.0008493084460496902,0.0,1.2269296348677017e-05,5.249691093922593e-05,3.0865674489177763e-05,4.314016769058071e-05,3.438323619775474e-05,0.001805499428883195,0.0,0.002623974345624447,0.00033865534351207316,0.0,0.0,0.0,0.0,0.00011092602653661743,0.00018839385302271694,0.0003303593839518726,0.00038837091415189207,0.0,9.177632819046266e-06,0.0,0.0,0.0,8.030447133933194e-06,7.572013419121504e-05,8.537287794752046e-05,0.0,0.0,0.0,0.0,0.0,0.0026947802398353815,0.0,0.0,0.0,0.0,0.0,0.0,0.0,0.20702973008155823,0.0,0.0002619533333927393,0.0,0.002868437906727195,0.0,0.008545845746994019
